group,new_package,old_pool,date,new_spend,old_pool_spend,new_cpa,old_pool_cpa,daily_saving_by_cpa,new_cpi,old_pool_cpi,new_sub_rate,old_pool_sub_rate,new_gross_after_roi,old_pool_gross_after_roi,lead_days,lead_rmape,lead_overlap_days,cpa_advantage_days,cpa_advantage_until_day,cpa_avg_advantage,cpi_advantage_days,cpi_advantage_until_day,cpi_avg_advantage,cost_lead_days,lead_period_saving,lead_period_new_gross,lead_period_new_spend,lead_period_new_roi,new_installs,old_pool_installs,new_subs,old_pool_subs,new_gross_after,old_pool_gross_after
Zikzik vs CoupleLens / Dradra / Usgen,Zikzik,CoupleLens / Dradra / Usgen,2026-05-18,0.0,23735.2,,2.5508006448146157,,,0.14508866624692068,,0.05687965719385541,,0.8821564596043008,-6.0,0.062453148917734375,16.0,16.0,20,0.126675101429242,5.0,5,0.1674076258709938,20.0,9379.667231504598,67112.9,96044.56000000001,0.6987683633513443,0.0,163591.0,0.0,9305.0,0.0,20938.16
Zikzik vs CoupleLens / Dradra / Usgen,Zikzik,CoupleLens / Dradra / Usgen,2026-05-19,141.28,29788.97,6.142608695652174,2.611235098176718,-81.2215927419355,0.10289876183539694,0.13884459960195575,0.016751638747268753,0.053172002666057636,-0.2046291053227633,0.8399390781218685,-6.0,0.062453148917734375,16.0,16.0,20,0.126675101429242,5.0,5,0.1674076258709938,20.0,9379.667231504598,67112.9,96044.56000000001,0.6987683633513443,1373.0,214549.0,23.0,11408.0,-28.909999999999997,25020.92
Zikzik vs CoupleLens / Dradra / Usgen,Zikzik,CoupleLens / Dradra / Usgen,2026-05-20,753.12,31515.48,2.0029787234042553,2.700555269922879,262.28878149100257,0.11440376727935592,0.14569253172456834,0.05711681604131855,0.053949102004021914,1.4114483747609943,0.7792408682971035,-6.0,0.062453148917734375,16.0,16.0,20,0.126675101429242,5.0,5,0.1674076258709938,20.0,9379.667231504598,67112.9,96044.56000000001,0.6987683633513443,6583.0,216315.0,376.0,11670.0,1062.99,24558.149999999998
Zikzik vs CoupleLens / Dradra / Usgen,Zikzik,CoupleLens / Dradra / Usgen,2026-05-21,1639.02,33830.52,2.0462172284644193,2.830532128514056,628.236234939759,0.12758991125642224,0.14887900191431777,0.062354040168145726,0.05259753119017757,1.3661822308452614,0.6985426177309719,-6.0,0.062453148917734375,16.0,16.0,20,0.126675101429242,5.0,5,0.1674076258709938,20.0,9379.667231504598,67112.9,96044.56000000001,0.6987683633513443,12846.0,227235.0,801.0,11952.0,2239.2000000000003,23632.059999999998
Zikzik vs CoupleLens / Dradra / Usgen,Zikzik,CoupleLens / Dradra / Usgen,2026-05-22,2729.32,34424.869999999995,2.4004573438874233,2.8982042431385753,565.9382244485598,0.1280529229614338,0.15346732705047386,0.05334521910481374,0.05295255757554143,1.0109111427022115,0.6589613846036311,-6.0,0.062453148917734375,16.0,16.0,20,0.126675101429242,5.0,5,0.1674076258709938,20.0,9379.667231504598,67112.9,96044.56000000001,0.6987683633513443,21314.0,224314.0,1137.0,11878.0,2759.1,22684.66
Zikzik vs CoupleLens / Dradra / Usgen,Zikzik,CoupleLens / Dradra / Usgen,2026-05-23,3244.14,31942.41,2.3440317919075144,2.957082947602296,848.4627994815776,0.14575163985982567,0.15420016509855225,0.062179890376493845,0.052146039807095375,1.044615830389564,0.6256919875488418,-6.0,0.062453148917734375,16.0,16.0,20,0.126675101429242,5.0,5,0.1674076258709938,20.0,9379.667231504598,67112.9,96044.56000000001,0.6987683633513443,22258.0,207149.0,1384.0,10802.0,3388.88,19986.11
Zikzik vs CoupleLens / Dradra / Usgen,Zikzik,CoupleLens / Dradra / Usgen,2026-05-24,4087.79,36711.55,2.608672622846203,3.1190781648258286,799.8054842820734,0.1900148747269093,0.1774593591237136,0.07283967833403059,0.05689480985918897,0.8417604622546657,0.5426679069666086,-6.0,0.062453148917734375,16.0,16.0,20,0.126675101429242,5.0,5,0.1674076258709938,20.0,9379.667231504598,67112.9,96044.56000000001,0.6987683633513443,21513.0,206873.0,1567.0,11770.0,3440.94,19922.18
Zikzik vs CoupleLens / Dradra / Usgen,Zikzik,CoupleLens / Dradra / Usgen,2026-05-25,5302.67,34233.79,2.751774779449922,3.278470599502011,1014.9428452403756,0.17404063279506368,0.17331633944573263,0.06324668504660627,0.05286499731675459,0.7467219344217159,0.4717429767489956,-6.0,0.062453148917734375,16.0,16.0,20,0.126675101429242,5.0,5,0.1674076258709938,20.0,9379.667231504598,67112.9,96044.56000000001,0.6987683633513443,30468.0,197522.0,1927.0,10442.0,3959.62,16149.55
Zikzik vs CoupleLens / Dradra / Usgen,Zikzik,CoupleLens / Dradra / Usgen,2026-05-26,5133.99,31169.809999999998,2.672561166059344,3.0839823884436526,790.3401682002567,0.16658522340114865,0.1675480957884269,0.062331678510010056,0.05432848657510683,0.7974927882602031,0.5612847816525028,-6.0,0.062453148917734375,16.0,16.0,20,0.126675101429242,5.0,5,0.1674076258709938,20.0,9379.667231504598,67112.9,96044.56000000001,0.6987683633513443,30819.0,186035.0,1921.0,10107.0,4094.32,17495.14
Zikzik vs CoupleLens / Dradra / Usgen,Zikzik,CoupleLens / Dradra / Usgen,2026-05-27,5854.24,31500.739999999998,2.8213204819277107,3.107194712961136,593.1890293943578,0.17696148963182395,0.17369177326863697,0.06272293089897829,0.05589986766651963,0.7080543332695619,0.55025024808941,-6.0,0.062453148917734375,16.0,16.0,20,0.126675101429242,5.0,5,0.1674076258709938,20.0,9379.667231504598,67112.9,96044.56000000001,0.6987683633513443,33082.0,181360.0,2075.0,10138.0,4145.12,17333.29
Zikzik vs CoupleLens / Dradra / Usgen,Zikzik,CoupleLens / Dradra / Usgen,2026-05-28,6399.1900000000005,31249.25,2.726540264167022,2.934477415719786,488.0284946943369,0.18704518882263535,0.1691059088375516,0.06860166023617444,0.057627265397124317,0.7604603082577638,0.6403830491931806,-6.0,0.062453148917734375,16.0,16.0,20,0.126675101429242,5.0,5,0.1674076258709938,20.0,9379.667231504598,67112.9,96044.56000000001,0.6987683633513443,34212.0,184791.0,2347.0,10649.0,4866.33,20011.489999999998
Zikzik vs CoupleLens / Dradra / Usgen,Zikzik,CoupleLens / Dradra / Usgen,2026-05-29,6510.71,17061.77,2.8381473408892766,3.208305754042873,849.1433997743508,0.196040769624522,0.2047641735874418,0.0690734997440607,0.06382314819259757,0.6922163634995261,0.4998584554826376,-6.0,0.062453148917734375,16.0,16.0,20,0.126675101429242,5.0,5,0.1674076258709938,20.0,9379.667231504598,67112.9,96044.56000000001,0.6987683633513443,33211.0,83324.0,2294.0,5318.0,4506.82,8528.470000000001
Zikzik vs CoupleLens / Dradra / Usgen,Zikzik,CoupleLens / Dradra / Usgen,2026-05-30,6601.76,22029.42,3.0563703703703706,3.2718580127729093,465.4533075894836,0.21767871274070166,0.20917647058823527,0.07122131363756265,0.06393201348335945,0.5731774557087806,0.47162884905730607,-6.0,0.062453148917734375,16.0,16.0,20,0.126675101429242,5.0,5,0.1674076258709938,20.0,9379.667231504598,67112.9,96044.56000000001,0.6987683633513443,30328.0,105315.0,2160.0,6733.0,3783.98,10389.71
Zikzik vs CoupleLens / Dradra / Usgen,Zikzik,CoupleLens / Dradra / Usgen,2026-05-31,7458.78,25993.260000000002,3.1352585119798233,3.1618124315776672,63.171774723270694,0.19670297212479232,0.18330930888575458,0.06273899628154751,0.05797602256699577,0.5354173202588091,0.5223607966065049,-6.0,0.062453148917734375,16.0,16.0,20,0.126675101429242,5.0,5,0.1674076258709938,20.0,9379.667231504598,67112.9,96044.56000000001,0.6987683633513443,37919.0,141800.0,2379.0,8221.0,3993.56,13577.86
Zikzik vs CoupleLens / Dradra / Usgen,Zikzik,CoupleLens / Dradra / Usgen,2026-06-01,6437.3099999999995,21094.66,2.996885474860335,3.155521316379955,340.7497875841439,0.19103510698281745,0.18051223686462434,0.06374454699231386,0.05720520280677734,0.6055541833467707,0.5262132691401521,-6.0,0.062453148917734375,16.0,16.0,20,0.126675101429242,5.0,5,0.1674076258709938,20.0,9379.667231504598,67112.9,96044.56000000001,0.6987683633513443,33697.0,116860.0,2148.0,6685.0,3898.14,11100.29
Zikzik vs CoupleLens / Dradra / Usgen,Zikzik,CoupleLens / Dradra / Usgen,2026-06-02,6309.95,21004.65,2.9568650421743206,2.996811242687973,85.24519189613419,0.18296073996752493,0.16329384052055881,0.061876594757596846,0.05448919778280508,0.6252775378568769,0.6078254100877662,-6.0,0.062453148917734375,16.0,16.0,20,0.126675101429242,5.0,5,0.1674076258709938,20.0,9379.667231504598,67112.9,96044.56000000001,0.6987683633513443,34488.0,128631.0,2134.0,7009.0,3945.4700000000003,12767.16
Zikzik vs CoupleLens / Dradra / Usgen,Zikzik,CoupleLens / Dradra / Usgen,2026-06-03,5814.14,19549.95,2.933471241170535,3.1145371992990283,358.8727290106736,0.19107861180491653,0.17127144183764653,0.06513737347180229,0.05499097646873303,0.6418576092078966,0.5452003713564484,-6.0,0.062453148917734375,16.0,16.0,20,0.126675101429242,5.0,5,0.1674076258709938,20.0,9379.667231504598,67112.9,96044.56000000001,0.6987683633513443,30428.0,114146.0,1982.0,6277.0,3731.85,10658.64
Zikzik vs CoupleLens / Dradra / Usgen,Zikzik,CoupleLens / Dradra / Usgen,2026-06-04,5143.0,17688.76,2.8958333333333335,3.164923957774199,477.9049490069772,0.18446915351506457,0.1710149467293153,0.06370157819225251,0.05403445675503219,0.6623916002333268,0.5252985511703478,-6.0,0.062453148917734375,16.0,16.0,20,0.126675101429242,5.0,5,0.1674076258709938,20.0,9379.667231504598,67112.9,96044.56000000001,0.6987683633513443,27880.0,103434.0,1776.0,5589.0,3406.68,9291.880000000001
Zikzik vs CoupleLens / Dradra / Usgen,Zikzik,CoupleLens / Dradra / Usgen,2026-06-05,5288.72,16979.72,2.7689633507853406,2.9463335068540695,338.7769980912721,0.18983883125740336,0.16839447403131913,0.06855953192864066,0.05715390794680313,0.7355163442193953,0.6333797023743619,-6.0,0.062453148917734375,16.0,16.0,20,0.126675101429242,5.0,5,0.1674076258709938,20.0,9379.667231504598,67112.9,96044.56000000001,0.6987683633513443,27859.0,100833.0,1910.0,5763.0,3889.94,10754.61
Zikzik vs CoupleLens / Dradra / Usgen,Zikzik,CoupleLens / Dradra / Usgen,2026-06-06,5664.24,16938.33,3.053498652291105,3.137889959244165,156.54587439792624,0.18610329872519385,0.16363006684956916,0.060947562097516096,0.052146528072954904,0.5754399531093316,0.5350261802668858,-6.0,0.062453148917734375,16.0,16.0,20,0.126675101429242,5.0,5,0.1674076258709938,20.0,9379.667231504598,67112.9,96044.56000000001,0.6987683633513443,30436.0,103516.0,1855.0,5398.0,3259.4300000000003,9062.45
Zikzik vs CoupleLens / Dradra / Usgen,Zikzik,CoupleLens / Dradra / Usgen,2026-06-07,5531.19,16999.95,3.206486956521739,3.3999900000000003,333.7927500000006,0.18011625256439479,0.1572293335306413,0.056172457585724055,0.04624405763859344,0.5006951487835348,0.4175759340468648,-6.0,0.062453148917734375,16.0,16.0,20,0.126675101429242,5.0,5,0.1674076258709938,20.0,9379.667231504598,67112.9,96044.56000000001,0.6987683633513443,30709.0,108122.0,1725.0,5000.0,2769.44,7098.77
Zikzik vs CoupleLens / Dradra / Usgen,Zikzik,CoupleLens / Dradra / Usgen,2026-06-08,5467.68,15215.49,3.46714013950539,3.299108846487424,-264.98534908933226,0.1862225401042199,0.15694647590951757,0.053710704676271245,0.04757238491134331,0.4022108097035671,0.4623465954760576,-6.0,0.062453148917734375,16.0,16.0,20,0.126675101429242,5.0,5,0.1674076258709938,20.0,9379.667231504598,67112.9,96044.56000000001,0.6987683633513443,29361.0,96947.0,1577.0,4612.0,2199.16,7034.83
Zikzik vs CoupleLens / Dradra / Usgen,Zikzik,CoupleLens / Dradra / Usgen,2026-06-09,985.01,3373.92,3.8933201581027665,3.8253061224489797,-17.20755102040807,0.19317709354775445,0.15791069924178602,0.04961757207295548,0.041280539174389216,0.2403528898183775,0.26844145682173853,-6.0,0.062453148917734375,16.0,16.0,20,0.126675101429242,5.0,5,0.1674076258709938,20.0,9379.667231504598,67112.9,96044.56000000001,0.6987683633513443,5099.0,21366.0,253.0,882.0,236.75,905.7
Beyo vs Minimix / Vimi / Viyo / CoupleLens,Beyo,Minimix / Vimi / Viyo / CoupleLens,2026-03-07,7.7,16018.18,1.1,2.179344217687075,7.555409523809525,0.027402135231316727,0.12082262249577601,0.02491103202846975,0.05543989862418537,3.327272727272727,1.1962033139844852,-3.0,0.16490480936935065,38.0,17.0,19,0.30697658649832893,18.0,19,0.24680967997117978,19.0,17116.585428086008,142270.16000000003,92204.85,1.5429791382991245,281.0,132576.0,7.0,7350.0,25.62,19161.0
Beyo vs Minimix / Vimi / Viyo / CoupleLens,Beyo,Minimix / Vimi / Viyo / CoupleLens,2026-03-08,0.0,18063.64,0.0,2.58199542595769,2.58199542595769,0.0,0.13637052695153254,0.1,0.05281594443605617,,0.8576128620809539,-3.0,0.16490480936935065,38.0,17.0,19,0.30697658649832893,18.0,19,0.24680967997117978,19.0,17116.585428086008,142270.16000000003,92204.85,1.5429791382991245,10.0,132460.0,1.0,6996.0,4.73,15491.61
Beyo vs Minimix / Vimi / Viyo / CoupleLens,Beyo,Minimix / Vimi / Viyo / CoupleLens,2026-03-09,17.73,14776.03,1.2664285714285715,2.6166159022489817,18.90262263148574,0.04897790055248619,0.14135142633018924,0.03867403314917127,0.05402070139858802,2.7619853355893964,0.8338897525248662,-3.0,0.16490480936935065,38.0,17.0,19,0.30697658649832893,18.0,19,0.24680967997117978,19.0,17116.585428086008,142270.16000000003,92204.85,1.5429791382991245,362.0,104534.0,14.0,5647.0,48.97,12321.58
Beyo vs Minimix / Vimi / Viyo / CoupleLens,Beyo,Minimix / Vimi / Viyo / CoupleLens,2026-03-10,802.0,13768.349999999999,1.389948006932409,2.4634728931830376,619.4238593666126,0.0985621236327885,0.1364811014958218,0.07091065503256729,0.05540190918012312,2.4524189526184537,0.9465585927144502,-3.0,0.16490480936935065,38.0,17.0,19,0.30697658649832893,18.0,19,0.24680967997117978,19.0,17116.585428086008,142270.16000000003,92204.85,1.5429791382991245,8137.0,100881.0,577.0,5589.0,1966.84,13032.55
Beyo vs Minimix / Vimi / Viyo / CoupleLens,Beyo,Minimix / Vimi / Viyo / CoupleLens,2026-03-11,1672.74,14982.39,1.5677038425492034,3.018209105560032,1547.6891156325541,0.11185155466399198,0.15242115650687718,0.07134737545971247,0.05050052901440547,2.0457094348195177,0.5948463496144475,-3.0,0.16490480936935065,38.0,17.0,19,0.30697658649832893,18.0,19,0.24680967997117978,19.0,17116.585428086008,142270.16000000003,92204.85,1.5429791382991245,14955.0,98296.0,1067.0,4964.0,3421.94,8912.220000000001
Beyo vs Minimix / Vimi / Viyo / CoupleLens,Beyo,Minimix / Vimi / Viyo / CoupleLens,2026-03-12,2068.51,8981.27,1.6261871069182392,2.503838862559242,1116.3730331753554,0.11819381749614309,0.13725693064767552,0.07268156105365407,0.05481859583702662,1.9391300984766808,0.9148171695094345,-3.0,0.16490480936935065,38.0,17.0,19,0.30697658649832893,18.0,19,0.24680967997117978,19.0,17116.585428086008,142270.16000000003,92204.85,1.5429791382991245,17501.0,65434.0,1272.0,3587.0,4011.1099999999997,8216.22
Beyo vs Minimix / Vimi / Viyo / CoupleLens,Beyo,Minimix / Vimi / Viyo / CoupleLens,2026-03-13,3062.1499999999996,8018.77,1.5166666666666664,2.179013586956522,1337.2784320652183,0.12276098460551635,0.1421440093595448,0.08094130853110969,0.06523319093116835,2.1489443691523933,1.1969441697417433,-3.0,0.16490480936935065,38.0,17.0,19,0.30697658649832893,18.0,19,0.24680967997117978,19.0,17116.585428086008,142270.16000000003,92204.85,1.5429791382991245,24944.0,56413.0,2019.0,3680.0,6580.39,9598.02
Beyo vs Minimix / Vimi / Viyo / CoupleLens,Beyo,Minimix / Vimi / Viyo / CoupleLens,2026-03-14,3312.61,7005.6900000000005,1.4848095024652623,2.08192867756315,1332.1728796433874,0.14049580117058275,0.1541914823374051,0.0946221053524472,0.07406184659403543,2.2118057966376963,1.299757768328316,-3.0,0.16490480936935065,38.0,17.0,19,0.30697658649832893,18.0,19,0.24680967997117978,19.0,17116.585428086008,142270.16000000003,92204.85,1.5429791382991245,23578.0,45435.0,2231.0,3365.0,7326.849999999999,9105.7
Beyo vs Minimix / Vimi / Viyo / CoupleLens,Beyo,Minimix / Vimi / Viyo / CoupleLens,2026-03-15,4518.62,8329.5,1.5511912118091313,2.2217924779941316,1953.4614883969057,0.1299686484309834,0.15746937386569873,0.08378634912416948,0.0708749243799153,2.0754323222576807,1.154718770634492,-3.0,0.16490480936935065,38.0,17.0,19,0.30697658649832893,18.0,19,0.24680967997117978,19.0,17116.585428086008,142270.16000000003,92204.85,1.5429791382991245,34767.0,52896.0,2913.0,3749.0,9378.09,9618.23
Beyo vs Minimix / Vimi / Viyo / CoupleLens,Beyo,Minimix / Vimi / Viyo / CoupleLens,2026-03-16,5150.12,7185.139999999999,1.7839002424662278,2.2889901242433894,1458.1944886906656,0.1352518514627869,0.15990074552130853,0.07581805767109617,0.06985645933014355,1.6795783399221764,1.0928485735838134,-3.0,0.16490480936935065,38.0,17.0,19,0.30697658649832893,18.0,19,0.24680967997117978,19.0,17116.585428086008,142270.16000000003,92204.85,1.5429791382991245,38078.0,44935.0,2887.0,3139.0,8650.029999999999,7852.27
Beyo vs Minimix / Vimi / Viyo / CoupleLens,Beyo,Minimix / Vimi / Viyo / CoupleLens,2026-03-17,6495.54,6612.35,1.8954012255617159,2.2927704576976424,1361.7843585298203,0.14221526470201865,0.1633929674565717,0.07503174672680299,0.07126442462131508,1.5217780199952584,1.08878840351766,-3.0,0.16490480936935065,38.0,17.0,19,0.30697658649832893,18.0,19,0.24680967997117978,19.0,17116.585428086008,142270.16000000003,92204.85,1.5429791382991245,45674.0,40469.0,3427.0,2884.0,9884.77,7199.45
Beyo vs Minimix / Vimi / Viyo / CoupleLens,Beyo,Minimix / Vimi / Viyo / CoupleLens,2026-03-18,7106.14,7079.15,1.9164347357065805,2.2843336560180703,1364.169196515004,0.13463188208101248,0.15010601980449947,0.07025122200750256,0.06571107482877801,1.4951703737894273,1.1057669352959043,-3.0,0.16490480936935065,38.0,17.0,19,0.30697658649832893,18.0,19,0.24680967997117978,19.0,17116.585428086008,142270.16000000003,92204.85,1.5429791382991245,52782.0,47161.0,3708.0,3099.0,10624.890000000001,7827.89
Beyo vs Minimix / Vimi / Viyo / CoupleLens,Beyo,Minimix / Vimi / Viyo / CoupleLens,2026-03-19,8295.13,8467.29,1.9299976733364355,2.163887043189369,1005.2565116279078,0.1110622715527052,0.12994812688960852,0.05754528779338323,0.06005310087631793,1.4795150889738922,1.2145704233585952,-3.0,0.16490480936935065,38.0,17.0,19,0.30697658649832893,18.0,19,0.24680967997117978,19.0,17116.585428086008,142270.16000000003,92204.85,1.5429791382991245,74689.0,65159.0,4298.0,3913.0,12272.77,10284.12
Beyo vs Minimix / Vimi / Viyo / CoupleLens,Beyo,Minimix / Vimi / Viyo / CoupleLens,2026-03-20,7464.04,8239.960000000001,1.9877603195739015,2.1122686490643425,467.52877723660595,0.11534422277510778,0.12678226885972338,0.05802722875554388,0.06002184850676227,1.4074603029994481,1.266864159534755,-3.0,0.16490480936935065,38.0,17.0,19,0.30697658649832893,18.0,19,0.24680967997117978,19.0,17116.585428086008,142270.16000000003,92204.85,1.5429791382991245,64711.0,64993.0,3755.0,3901.0,10505.34,10438.91
Beyo vs Minimix / Vimi / Viyo / CoupleLens,Beyo,Minimix / Vimi / Viyo / CoupleLens,2026-03-21,6516.85,7471.2,1.7318230135530164,1.8952815829528158,615.0945966514452,0.10965958807296225,0.11890567058711186,0.06332032038769604,0.06273773335667564,1.7572646293838279,1.5216203554984473,-3.0,0.16490480936935065,38.0,17.0,19,0.30697658649832893,18.0,19,0.24680967997117978,19.0,17116.585428086008,142270.16000000003,92204.85,1.5429791382991245,59428.0,62833.0,3763.0,3942.0,11451.83,11368.33
Beyo vs Minimix / Vimi / Viyo / CoupleLens,Beyo,Minimix / Vimi / Viyo / CoupleLens,2026-03-22,10009.76,11239.14,1.9919920398009952,2.013461125044787,107.88215335005361,0.11926319552007626,0.12226423714985042,0.05987132133921125,0.06072341582812075,1.400411198670098,1.3750811894860284,-3.0,0.16490480936935065,38.0,17.0,19,0.30697658649832893,18.0,19,0.24680967997117978,19.0,17116.585428086008,142270.16000000003,92204.85,1.5429791382991245,83930.0,91925.0,5025.0,5582.0,14017.78,15454.73
Beyo vs Minimix / Vimi / Viyo / CoupleLens,Beyo,Minimix / Vimi / Viyo / CoupleLens,2026-03-23,8006.16,10762.71,2.106884210526316,2.2118187422934645,398.7512207151648,0.12093714596456247,0.13537318877037632,0.05740094560505128,0.06120446769973838,1.270875176114392,1.1643247843712226,-3.0,0.16490480936935065,38.0,17.0,19,0.30697658649832893,18.0,19,0.24680967997117978,19.0,17116.585428086008,142270.16000000003,92204.85,1.5429791382991245,66201.0,79504.0,3800.0,4866.0,10174.83,12531.29
Beyo vs Minimix / Vimi / Viyo / CoupleLens,Beyo,Minimix / Vimi / Viyo / CoupleLens,2026-03-24,8163.6900000000005,11614.9,2.11988834069073,2.4177560366361366,1147.0884970857614,0.1295165947455261,0.14003134607269876,0.06109595126285062,0.05791789740189282,1.2579029825973302,0.9821022996323688,-3.0,0.16490480936935065,38.0,17.0,19,0.30697658649832893,18.0,19,0.24680967997117978,19.0,17116.585428086008,142270.16000000003,92204.85,1.5429791382991245,63032.0,82945.0,3851.0,4804.0,10269.13,11407.02
Beyo vs Minimix / Vimi / Viyo / CoupleLens,Beyo,Minimix / Vimi / Viyo / CoupleLens,2026-03-25,9535.36,12402.3,2.1543967464979668,2.4380381364261843,1255.3967918222907,0.1259325391584564,0.13273719698185904,0.058453736231807496,0.05444426606731953,1.2222139489227464,0.9664796045894714,-3.0,0.16490480936935065,38.0,17.0,19,0.30697658649832893,18.0,19,0.24680967997117978,19.0,17116.585428086008,142270.16000000003,92204.85,1.5429791382991245,75718.0,93435.0,4426.0,5087.0,11654.25,11986.57
Beyo vs Minimix / Vimi / Viyo / CoupleLens,Beyo,Minimix / Vimi / Viyo / CoupleLens,2026-03-26,10168.140000000001,11865.97,2.3998442294076,2.4280683445876816,119.58557601800625,0.1364136894779914,0.1365725565121311,0.05684272662632984,0.05624741034022375,0.9967112962646069,0.9737931243716275,-3.0,0.16490480936935065,38.0,17.0,19,0.30697658649832893,18.0,19,0.24680967997117978,19.0,17116.585428086008,142270.16000000003,92204.85,1.5429791382991245,74539.0,86884.0,4237.0,4887.0,10134.7,11555.0
Beyo vs Minimix / Vimi / Viyo / CoupleLens,Beyo,Minimix / Vimi / Viyo / CoupleLens,2026-03-27,11379.22,12690.84,2.8476526526526524,2.5984520884520883,-995.8054545454543,0.15351392917369308,0.14500502742230348,0.05390893760539629,0.05580438756855576,0.6914331562268767,0.8460070412990787,-3.0,0.16490480936935065,38.0,17.0,19,0.30697658649832893,18.0,19,0.24680967997117978,19.0,17116.585428086008,142270.16000000003,92204.85,1.5429791382991245,74125.0,87520.0,3996.0,4884.0,7867.97,10736.539999999999
Beyo vs Minimix / Vimi / Viyo / CoupleLens,Beyo,Minimix / Vimi / Viyo / CoupleLens,2026-03-28,6518.1900000000005,8038.46,2.436706542056075,2.488687306501548,139.04854489163924,0.13738702470280753,0.1369997443544951,0.05638226119214231,0.05504899872177248,0.9668803763007828,0.9282213259753734,-3.0,0.16490480936935065,38.0,17.0,19,0.30697658649832893,18.0,19,0.24680967997117978,19.0,17116.585428086008,142270.16000000003,92204.85,1.5429791382991245,47444.0,58675.0,2675.0,3230.0,6302.31,7461.47
Beyo vs Minimix / Vimi / Viyo / CoupleLens,Beyo,Minimix / Vimi / Viyo / CoupleLens,2026-03-29,6015.12,9463.78,2.552023759015698,2.554326585695007,5.427762483130868,0.12879515234567374,0.12620224299563937,0.05046785003104726,0.0494072463961381,0.8799624945138251,0.8774654524936124,-3.0,0.16490480936935065,38.0,17.0,19,0.30697658649832893,18.0,19,0.24680967997117978,19.0,17116.585428086008,142270.16000000003,92204.85,1.5429791382991245,46703.0,74989.0,2357.0,3705.0,5293.08,8304.14
Beyo vs Minimix / Vimi / Viyo / CoupleLens,Beyo,Minimix / Vimi / Viyo / CoupleLens,2026-03-30,5274.27,11016.88,2.7299534161490686,2.848210961737332,228.4735780765247,0.1317743910056215,0.1279351549707942,0.04826983135540287,0.04491772438540058,0.7611972841739236,0.6879216257234354,-3.0,0.16490480936935065,38.0,17.0,19,0.30697658649832893,18.0,19,0.24680967997117978,19.0,17116.585428086008,142270.16000000003,92204.85,1.5429791382991245,40025.0,86113.0,1932.0,3868.0,4014.76,7578.75
Beyo vs Minimix / Vimi / Viyo / CoupleLens,Beyo,Minimix / Vimi / Viyo / CoupleLens,2026-03-31,8407.95,13606.6,2.9900248933143674,3.077023971053822,244.64140660334598,0.147280514293722,0.14584959053295032,0.049257286995515695,0.04739956266346525,0.6112536349526341,0.5627820322490557,-3.0,0.16490480936935065,38.0,17.0,19,0.30697658649832893,18.0,19,0.24680967997117978,19.0,17116.585428086008,142270.16000000003,92204.85,1.5429791382991245,57088.0,93292.0,2812.0,4422.0,5139.39,7657.55
Beyo vs Minimix / Vimi / Viyo / CoupleLens,Beyo,Minimix / Vimi / Viyo / CoupleLens,2026-04-01,8733.060000000001,14023.800000000001,3.4355074744295835,3.3525699258905095,-210.82724838632606,0.15384585572095483,0.150830850640481,0.044781115123755835,0.04498962108908655,0.40377943126464255,0.4375604329782227,-3.0,0.16490480936935065,38.0,17.0,19,0.30697658649832893,18.0,19,0.24680967997117978,19.0,17116.585428086008,142270.16000000003,92204.85,1.5429791382991245,56765.0,92977.0,2542.0,4183.0,3526.23,6136.26
Beyo vs Minimix / Vimi / Viyo / CoupleLens,Beyo,Minimix / Vimi / Viyo / CoupleLens,2026-04-02,4926.33,8431.68,2.8312241379310343,2.7545508003920287,-133.4116073178698,0.14163039415806572,0.13595756002386442,0.050024437225081216,0.049357434251898674,0.6962891239523135,0.7470646419218946,-3.0,0.16490480936935065,38.0,17.0,19,0.30697658649832893,18.0,19,0.24680967997117978,19.0,17116.585428086008,142270.16000000003,92204.85,1.5429791382991245,34783.0,62017.0,1740.0,3061.0,3430.15,6299.01
Beyo vs Minimix / Vimi / Viyo / CoupleLens,Beyo,Minimix / Vimi / Viyo / CoupleLens,2026-04-03,5166.82,8812.48,2.7838469827586207,2.8510126172759622,124.65941766418578,0.1414404598959759,0.13467121047725292,0.050807555433889956,0.04723627305652765,0.7247281693575546,0.6853269454228549,-3.0,0.16490480936935065,38.0,17.0,19,0.30697658649832893,18.0,19,0.24680967997117978,19.0,17116.585428086008,142270.16000000003,92204.85,1.5429791382991245,36530.0,65437.0,1856.0,3091.0,3744.54,6039.43
Beyo vs Minimix / Vimi / Viyo / CoupleLens,Beyo,Minimix / Vimi / Viyo / CoupleLens,2026-04-04,3785.1800000000003,6361.23,2.6750388692579508,2.601730061349693,-103.73196319018444,0.13840286664960327,0.14058277530995159,0.05173863761015028,0.05403434330040443,0.7938724182205337,0.8437141873505596,-3.0,0.16490480936935065,38.0,17.0,19,0.30697658649832893,18.0,19,0.24680967997117978,19.0,17116.585428086008,142270.16000000003,92204.85,1.5429791382991245,27349.0,45249.0,1415.0,2445.0,3004.95,5367.0599999999995
Beyo vs Minimix / Vimi / Viyo / CoupleLens,Beyo,Minimix / Vimi / Viyo / CoupleLens,2026-04-05,4774.88,9016.4,2.9383876923076926,2.883402622321714,-89.35073872721527,0.14459255670290405,0.13972199408036448,0.049208127668594615,0.048457330585300086,0.6353416211506886,0.6660463156026796,-3.0,0.16490480936935065,38.0,17.0,19,0.30697658649832893,18.0,19,0.24680967997117978,19.0,17116.585428086008,142270.16000000003,92204.85,1.5429791382991245,33023.0,64531.0,1625.0,3127.0,3033.68,6005.34
Beyo vs Minimix / Vimi / Viyo / CoupleLens,Beyo,Minimix / Vimi / Viyo / CoupleLens,2026-04-06,4695.2,8668.900000000001,3.011674150096215,2.7793844180827194,-362.13969220903994,0.13376257086692686,0.1319527527893207,0.04441468904019828,0.04747553160722712,0.5961535184869654,0.7274602314019079,-3.0,0.16490480936935065,38.0,17.0,19,0.30697658649832893,18.0,19,0.24680967997117978,19.0,17116.585428086008,142270.16000000003,92204.85,1.5429791382991245,35101.0,65697.0,1559.0,3119.0,2799.06,6306.28
Beyo vs Minimix / Vimi / Viyo / CoupleLens,Beyo,Minimix / Vimi / Viyo / CoupleLens,2026-04-07,4181.7699999999995,7724.41,3.180053231939163,3.1451180781758956,-45.939727198696616,0.14162529210553051,0.14058696126965636,0.04453550987232025,0.04470005824111823,0.5129622145646462,0.5326283819735099,-3.0,0.16490480936935065,38.0,17.0,19,0.30697658649832893,18.0,19,0.24680967997117978,19.0,17116.585428086008,142270.16000000003,92204.85,1.5429791382991245,29527.0,54944.0,1315.0,2456.0,2145.09,4114.24
Beyo vs Minimix / Vimi / Viyo / CoupleLens,Beyo,Minimix / Vimi / Viyo / CoupleLens,2026-04-08,2983.91,6325.36,3.1845357524012807,3.1438170974155066,-38.153379721670326,0.1484753943374633,0.1469032467834084,0.04662387421008111,0.04672766965488411,0.5108699659172026,0.5338858183565837,-3.0,0.16490480936935065,38.0,17.0,19,0.30697658649832893,18.0,19,0.24680967997117978,19.0,17116.585428086008,142270.16000000003,92204.85,1.5429791382991245,20097.0,43058.0,937.0,2012.0,1524.3899999999999,3377.02
Beyo vs Minimix / Vimi / Viyo / CoupleLens,Beyo,Minimix / Vimi / Viyo / CoupleLens,2026-04-09,2885.5,5607.69,3.096030042918455,3.331960784313725,219.8874509803919,0.15290657622807483,0.14822218697962095,0.049387949764188435,0.0444849734358893,0.5536579448968983,0.4459982630994224,-3.0,0.16490480936935065,38.0,17.0,19,0.30697658649832893,18.0,19,0.24680967997117978,19.0,17116.585428086008,142270.16000000003,92204.85,1.5429791382991245,18871.0,37833.0,932.0,1683.0,1597.5800000000002,2501.02
Beyo vs Minimix / Vimi / Viyo / CoupleLens,Beyo,Minimix / Vimi / Viyo / CoupleLens,2026-04-10,2647.7599999999998,4403.76,3.1297399527186758,3.0903578947368424,-33.31722105263103,0.16749493927125506,0.15821513257167494,0.053517206477732795,0.05119637852985557,0.5393313593377044,0.5561474739767835,-3.0,0.16490480936935065,38.0,17.0,19,0.30697658649832893,18.0,19,0.24680967997117978,19.0,17116.585428086008,142270.16000000003,92204.85,1.5429791382991245,15808.0,27834.0,846.0,1425.0,1428.02,2449.1400000000003
Beyo vs Minimix / Vimi / Viyo / CoupleLens,Beyo,Minimix / Vimi / Viyo / CoupleLens,2026-04-11,2295.88,3646.45,2.8878993710691825,2.9312299035369773,34.447773311896896,0.16866588304437263,0.16095563893180312,0.058404349103732,0.05491061575811079,0.6634928654807742,0.6392738142577027,-3.0,0.16490480936935065,38.0,17.0,19,0.30697658649832893,18.0,19,0.24680967997117978,19.0,17116.585428086008,142270.16000000003,92204.85,1.5429791382991245,13612.0,22655.0,795.0,1244.0,1523.3,2331.08
Beyo vs Minimix / Vimi / Viyo / CoupleLens,Beyo,Minimix / Vimi / Viyo / CoupleLens,2026-04-12,3095.74,5284.59,3.2314613778705636,3.072436046511628,-152.3462674418603,0.1833100426338228,0.16998809830159547,0.05672666982472762,0.05532681420483788,0.48928527589526255,0.565082627034453,-3.0,0.16490480936935065,38.0,17.0,19,0.30697658649832893,18.0,19,0.24680967997117978,19.0,17116.585428086008,142270.16000000003,92204.85,1.5429791382991245,16888.0,31088.0,958.0,1720.0,1514.7,2986.23
Beyo vs Minimix / Vimi / Viyo / CoupleLens,Beyo,Minimix / Vimi / Viyo / CoupleLens,2026-04-13,2741.12,4779.92,3.1689248554913294,3.019532533164877,-129.22435881238133,0.1768806865845002,0.15947419344076336,0.05581725495257146,0.05281419944616822,0.5181859969647444,0.5920643023314197,-3.0,0.16490480936935065,38.0,17.0,19,0.30697658649832893,18.0,19,0.24680967997117978,19.0,17116.585428086008,142270.16000000003,92204.85,1.5429791382991245,15497.0,29973.0,865.0,1583.0,1420.41,2830.02
Beyo vs Minimix / Vimi / Viyo / CoupleLens,Beyo,Minimix / Vimi / Viyo / CoupleLens,2026-04-14,2623.34,4804.73,2.889140969162996,3.128079427083333,216.95611979166625,0.14604130713132552,0.13705479647431326,0.050548349384846626,0.04381435947171749,0.6679957611289424,0.5458558545433355,-3.0,0.16490480936935065,38.0,17.0,19,0.30697658649832893,18.0,19,0.24680967997117978,19.0,17116.585428086008,142270.16000000003,92204.85,1.5429791382991245,17963.0,35057.0,908.0,1536.0,1752.3799999999999,2622.69
Beyo vs Minimix / Vimi / Viyo / CoupleLens,Beyo,Minimix / Vimi / Viyo / CoupleLens,2026-04-15,2860.64,4876.37,2.840754716981132,3.1359292604501605,297.2407652733119,0.1433186372745491,0.12598811523059036,0.050450901803607215,0.04017568789562072,0.6906846020470944,0.5489636758490434,-3.0,0.16490480936935065,38.0,17.0,19,0.30697658649832893,18.0,19,0.24680967997117978,19.0,17116.585428086008,142270.16000000003,92204.85,1.5429791382991245,19960.0,38705.0,1007.0,1555.0,1975.8,2676.95
Beyo vs Minimix / Vimi / Viyo / CoupleLens,Beyo,Minimix / Vimi / Viyo / CoupleLens,2026-04-16,1597.5800000000002,5481.12,3.1141910331384017,3.2413483146067414,65.23168539325827,0.15608988764044945,0.12768467398141028,0.050122129946262826,0.0393924569618189,0.5668573717748093,0.49076283679248034,-3.0,0.16490480936935065,38.0,17.0,19,0.30697658649832893,18.0,19,0.24680967997117978,19.0,17116.585428086008,142270.16000000003,92204.85,1.5429791382991245,10235.0,42927.0,513.0,1691.0,905.6,2689.93
Heyo vs Minimix / Vimi / Viyo / CoupleLens,Heyo,Minimix / Vimi / Viyo / CoupleLens,2026-03-10,44.89,13768.349999999999,44.89,2.4634728931830376,-42.42652710681696,2.9926666666666666,0.1364811014958218,0.06666666666666667,0.05540190918012312,-0.38984183559812874,0.9465585927144502,-1.0,0.11593627727622927,38.0,8.0,10,0.22013551539852136,4.0,8,0.15301722204074464,10.0,3230.3128736461636,24092.19,15250.169999999998,1.5797981268405534,15.0,100881.0,1.0,5589.0,-17.5,13032.55
Heyo vs Minimix / Vimi / Viyo / CoupleLens,Heyo,Minimix / Vimi / Viyo / CoupleLens,2026-03-11,274.24,14982.39,2.2853333333333334,3.018209105560032,87.94509266720382,0.22423548650858546,0.15242115650687718,0.09811937857726902,0.05050052901440547,1.1103048424737456,0.5948463496144475,-1.0,0.11593627727622927,38.0,8.0,10,0.22013551539852136,4.0,8,0.15301722204074464,10.0,3230.3128736461636,24092.19,15250.169999999998,1.5797981268405534,1223.0,98296.0,120.0,4964.0,304.49,8912.220000000001
Heyo vs Minimix / Vimi / Viyo / CoupleLens,Heyo,Minimix / Vimi / Viyo / CoupleLens,2026-03-12,874.63,8981.27,2.73321875,2.503838862559242,-73.40156398104256,0.27255531318167653,0.13725693064767552,0.09971953879713306,0.05481859583702662,0.799618124235391,0.9148171695094345,-1.0,0.11593627727622927,38.0,8.0,10,0.22013551539852136,4.0,8,0.15301722204074464,10.0,3230.3128736461636,24092.19,15250.169999999998,1.5797981268405534,3209.0,65434.0,320.0,3587.0,699.37,8216.22
Heyo vs Minimix / Vimi / Viyo / CoupleLens,Heyo,Minimix / Vimi / Viyo / CoupleLens,2026-03-13,1045.06,8018.77,1.8049395509499135,2.179013586956522,216.58886684782624,0.19599774943735934,0.1421440093595448,0.10858964741185297,0.06523319093116835,1.6551489866610534,1.1969441697417433,-1.0,0.11593627727622927,38.0,8.0,10,0.22013551539852136,4.0,8,0.15301722204074464,10.0,3230.3128736461636,24092.19,15250.169999999998,1.5797981268405534,5332.0,56413.0,579.0,3680.0,1729.7300000000002,9598.02
Heyo vs Minimix / Vimi / Viyo / CoupleLens,Heyo,Minimix / Vimi / Viyo / CoupleLens,2026-03-14,749.66,7005.6900000000005,1.2947495682210708,2.08192867756315,455.77670430906386,0.12900705558423678,0.1541914823374051,0.0996386164171399,0.07406184659403543,2.679588079929568,1.299757768328316,-1.0,0.11593627727622927,38.0,8.0,10,0.22013551539852136,4.0,8,0.15301722204074464,10.0,3230.3128736461636,24092.19,15250.169999999998,1.5797981268405534,5811.0,45435.0,579.0,3365.0,2008.78,9105.7
Heyo vs Minimix / Vimi / Viyo / CoupleLens,Heyo,Minimix / Vimi / Viyo / CoupleLens,2026-03-15,1455.52,8329.5,1.3452125693160812,2.2217924779941316,948.4594611896505,0.11919744492670543,0.15746937386569873,0.08860863156170666,0.0708749243799153,2.5425071452127077,1.154718770634492,-1.0,0.11593627727622927,38.0,8.0,10,0.22013551539852136,4.0,8,0.15301722204074464,10.0,3230.3128736461636,24092.19,15250.169999999998,1.5797981268405534,12211.0,52896.0,1082.0,3749.0,3700.67,9618.23
Heyo vs Minimix / Vimi / Viyo / CoupleLens,Heyo,Minimix / Vimi / Viyo / CoupleLens,2026-03-16,1913.6000000000001,7185.139999999999,1.6934513274336285,2.2889901242433894,672.9588403950299,0.13508400395312722,0.15990074552130853,0.07976845969222081,0.06985645933014355,1.819173285953177,1.0928485735838134,-1.0,0.11593627727622927,38.0,8.0,10,0.22013551539852136,4.0,8,0.15301722204074464,10.0,3230.3128736461636,24092.19,15250.169999999998,1.5797981268405534,14166.0,44935.0,1130.0,3139.0,3481.17,7852.27
Heyo vs Minimix / Vimi / Viyo / CoupleLens,Heyo,Minimix / Vimi / Viyo / CoupleLens,2026-03-17,2122.5099999999998,6612.35,1.9121711711711709,2.2927704576976424,422.4652080443834,0.1551428989108983,0.1633929674565717,0.08113441999853811,0.07126442462131508,1.5035264851520136,1.08878840351766,-1.0,0.11593627727622927,38.0,8.0,10,0.22013551539852136,4.0,8,0.15301722204074464,10.0,3230.3128736461636,24092.19,15250.169999999998,1.5797981268405534,13681.0,40469.0,1110.0,2884.0,3191.25,7199.45
Heyo vs Minimix / Vimi / Viyo / CoupleLens,Heyo,Minimix / Vimi / Viyo / CoupleLens,2026-03-18,3252.39,7079.15,2.1271353826030084,2.2843336560180703,240.35616005162962,0.17147624822059365,0.15010601980449947,0.08061369747456108,0.06571107482877801,1.2504927145883489,1.1057669352959043,-1.0,0.11593627727622927,38.0,8.0,10,0.22013551539852136,4.0,8,0.15301722204074464,10.0,3230.3128736461636,24092.19,15250.169999999998,1.5797981268405534,18967.0,47161.0,1529.0,3099.0,4067.09,7827.89
Heyo vs Minimix / Vimi / Viyo / CoupleLens,Heyo,Minimix / Vimi / Viyo / CoupleLens,2026-03-19,3517.67,8467.29,1.9930141643059491,2.163887043189369,301.59063122923584,0.13412399435696037,0.12994812688960852,0.0672970602813894,0.06005310087631793,1.400682838356071,1.2145704233585952,-1.0,0.11593627727622927,38.0,8.0,10,0.22013551539852136,4.0,8,0.15301722204074464,10.0,3230.3128736461636,24092.19,15250.169999999998,1.5797981268405534,26227.0,65159.0,1765.0,3913.0,4927.14,10284.12
Heyo vs Minimix / Vimi / Viyo / CoupleLens,Heyo,Minimix / Vimi / Viyo / CoupleLens,2026-03-20,3772.96,8239.960000000001,2.1125195968645016,2.1122686490643425,-0.4481927710841651,0.14356773211567733,0.12678226885972338,0.06796042617960427,0.06002184850676227,1.2678242016877994,1.266864159534755,-1.0,0.11593627727622927,38.0,8.0,10,0.22013551539852136,4.0,8,0.15301722204074464,10.0,3230.3128736461636,24092.19,15250.169999999998,1.5797981268405534,26280.0,64993.0,1786.0,3901.0,4783.45,10438.91
Heyo vs Minimix / Vimi / Viyo / CoupleLens,Heyo,Minimix / Vimi / Viyo / CoupleLens,2026-03-21,4334.8,7471.2,1.9325902808738298,1.8952815829528158,-83.68340943683438,0.13930648841469295,0.11890567058711186,0.07208278433010894,0.06273773335667564,1.4734220725292977,1.5216203554984473,-1.0,0.11593627727622927,38.0,8.0,10,0.22013551539852136,4.0,8,0.15301722204074464,10.0,3230.3128736461636,24092.19,15250.169999999998,1.5797981268405534,31117.0,62833.0,2243.0,3942.0,6386.99,11368.33
Heyo vs Minimix / Vimi / Viyo / CoupleLens,Heyo,Minimix / Vimi / Viyo / CoupleLens,2026-03-22,6658.65,11239.14,1.993011074528584,2.013461125044787,68.32361877463374,0.13635274603759676,0.12226423714985042,0.06841544825326616,0.06072341582812075,1.399196533831933,1.3750811894860284,-1.0,0.11593627727622927,38.0,8.0,10,0.22013551539852136,4.0,8,0.15301722204074464,10.0,3230.3128736461636,24092.19,15250.169999999998,1.5797981268405534,48834.0,91925.0,3341.0,5582.0,9316.76,15454.73
Heyo vs Minimix / Vimi / Viyo / CoupleLens,Heyo,Minimix / Vimi / Viyo / CoupleLens,2026-03-23,6323.4400000000005,10762.71,2.1240980853207927,2.2118187422934645,261.14439580764406,0.14810033491814414,0.13537318877037632,0.06972386818746047,0.06120446769973838,1.2545718785977251,1.1643247843712226,-1.0,0.11593627727622927,38.0,8.0,10,0.22013551539852136,4.0,8,0.15301722204074464,10.0,3230.3128736461636,24092.19,15250.169999999998,1.5797981268405534,42697.0,79504.0,2977.0,4866.0,7933.21,12531.29
Heyo vs Minimix / Vimi / Viyo / CoupleLens,Heyo,Minimix / Vimi / Viyo / CoupleLens,2026-03-24,8851.74,11614.9,2.431128810766273,2.4177560366361366,-48.69027060782655,0.15499728589189093,0.14003134607269876,0.06375527500043776,0.05791789740189282,0.9731804142462386,0.9821022996323688,-1.0,0.11593627727622927,38.0,8.0,10,0.22013551539852136,4.0,8,0.15301722204074464,10.0,3230.3128736461636,24092.19,15250.169999999998,1.5797981268405534,57109.0,82945.0,3641.0,4804.0,8614.34,11407.02
Heyo vs Minimix / Vimi / Viyo / CoupleLens,Heyo,Minimix / Vimi / Viyo / CoupleLens,2026-03-25,10636.04,12402.3,2.326342957130359,2.4380381364261843,510.67035974051373,0.14550583471277892,0.13273719698185904,0.06254702655375734,0.05444426606731953,1.059008804028567,0.9664796045894714,-1.0,0.11593627727622927,38.0,8.0,10,0.22013551539852136,4.0,8,0.15301722204074464,10.0,3230.3128736461636,24092.19,15250.169999999998,1.5797981268405534,73097.0,93435.0,4572.0,5087.0,11263.66,11986.57
Heyo vs Minimix / Vimi / Viyo / CoupleLens,Heyo,Minimix / Vimi / Viyo / CoupleLens,2026-03-26,9377.36,11865.97,2.424970261184381,2.4280683445876816,11.98028852056402,0.1426084311697792,0.1365725565121311,0.058808321674067764,0.05624741034022375,0.9781121765614202,0.9737931243716275,-1.0,0.11593627727622927,38.0,8.0,10,0.22013551539852136,4.0,8,0.15301722204074464,10.0,3230.3128736461636,24092.19,15250.169999999998,1.5797981268405534,65756.0,86884.0,3867.0,4887.0,9172.11,11555.0
Heyo vs Minimix / Vimi / Viyo / CoupleLens,Heyo,Minimix / Vimi / Viyo / CoupleLens,2026-03-27,10951.12,12690.84,2.4939922568890913,2.5984520884520883,458.68312039311974,0.15947691097875316,0.14500502742230348,0.0639444290727985,0.05580438756855576,0.9244606944312546,0.8460070412990787,-1.0,0.11593627727622927,38.0,8.0,10,0.22013551539852136,4.0,8,0.15301722204074464,10.0,3230.3128736461636,24092.19,15250.169999999998,1.5797981268405534,68669.0,87520.0,4391.0,4884.0,10123.880000000001,10736.539999999999
Heyo vs Minimix / Vimi / Viyo / CoupleLens,Heyo,Minimix / Vimi / Viyo / CoupleLens,2026-03-28,6964.89,8038.46,2.2266272378516625,2.488687306501548,819.7238947368412,0.134800843849191,0.1369997443544951,0.0605403731516606,0.05504899872177248,1.1509284425166801,0.9282213259753734,-1.0,0.11593627727622927,38.0,8.0,10,0.22013551539852136,4.0,8,0.15301722204074464,10.0,3230.3128736461636,24092.19,15250.169999999998,1.5797981268405534,51668.0,58675.0,3128.0,3230.0,8016.09,7461.47
Heyo vs Minimix / Vimi / Viyo / CoupleLens,Heyo,Minimix / Vimi / Viyo / CoupleLens,2026-03-29,12063.37,9463.78,2.664171819787986,2.554326585695007,-497.3792199730098,0.14666532929690826,0.12620224299563937,0.05505100241942347,0.0494072463961381,0.8010854346670954,0.8774654524936124,-1.0,0.11593627727622927,38.0,8.0,10,0.22013551539852136,4.0,8,0.15301722204074464,10.0,3230.3128736461636,24092.19,15250.169999999998,1.5797981268405534,82251.0,74989.0,4528.0,3705.0,9663.789999999999,8304.14
Heyo vs Minimix / Vimi / Viyo / CoupleLens,Heyo,Minimix / Vimi / Viyo / CoupleLens,2026-03-30,10799.02,11016.88,2.8027562937970414,2.848210961737332,175.13683557393935,0.12669255496374857,0.1279351549707942,0.04520284380206011,0.04491772438540058,0.7143555618935792,0.6879216257234354,-1.0,0.11593627727622927,38.0,8.0,10,0.22013551539852136,4.0,8,0.15301722204074464,10.0,3230.3128736461636,24092.19,15250.169999999998,1.5797981268405534,85238.0,86113.0,3853.0,3868.0,7714.34,7578.75
Heyo vs Minimix / Vimi / Viyo / CoupleLens,Heyo,Minimix / Vimi / Viyo / CoupleLens,2026-03-31,10958.300000000001,13606.6,3.0380648738563907,3.077023971053822,140.52546359113427,0.14217341100457984,0.14584959053295032,0.046797358485670175,0.04739956266346525,0.5825064106658879,0.5627820322490557,-1.0,0.11593627727622927,38.0,8.0,10,0.22013551539852136,4.0,8,0.15301722204074464,10.0,3230.3128736461636,24092.19,15250.169999999998,1.5797981268405534,77077.0,93292.0,3607.0,4422.0,6383.280000000001,7657.55
Heyo vs Minimix / Vimi / Viyo / CoupleLens,Heyo,Minimix / Vimi / Viyo / CoupleLens,2026-04-01,10186.32,14023.800000000001,3.3245169712793734,3.3525699258905095,85.95425292852103,0.14941649309120777,0.150830850640481,0.0449438202247191,0.04498962108908655,0.4494135271619191,0.4375604329782227,-1.0,0.11593627727622927,38.0,8.0,10,0.22013551539852136,4.0,8,0.15301722204074464,10.0,3230.3128736461636,24092.19,15250.169999999998,1.5797981268405534,68174.0,92977.0,3064.0,4183.0,4577.87,6136.26
Heyo vs Minimix / Vimi / Viyo / CoupleLens,Heyo,Minimix / Vimi / Viyo / CoupleLens,2026-04-02,5653.55,8431.68,3.0775993467610236,2.7545508003920287,-593.4401796798437,0.149977451188455,0.13595756002386442,0.04873196095076401,0.049357434251898674,0.5683048703911702,0.7470646419218946,-1.0,0.11593627727622927,38.0,8.0,10,0.22013551539852136,4.0,8,0.15301722204074464,10.0,3230.3128736461636,24092.19,15250.169999999998,1.5797981268405534,37696.0,62017.0,1837.0,3061.0,3212.94,6299.01
Heyo vs Minimix / Vimi / Viyo / CoupleLens,Heyo,Minimix / Vimi / Viyo / CoupleLens,2026-04-03,4191.92,8812.48,2.699240180296201,2.8510126172759622,235.70259462956892,0.13794201849353385,0.13467121047725292,0.05110401790121426,0.04723627305652765,0.7804490543712665,0.6853269454228549,-1.0,0.11593627727622927,38.0,8.0,10,0.22013551539852136,4.0,8,0.15301722204074464,10.0,3230.3128736461636,24092.19,15250.169999999998,1.5797981268405534,30389.0,65437.0,1553.0,3091.0,3271.58,6039.43
Heyo vs Minimix / Vimi / Viyo / CoupleLens,Heyo,Minimix / Vimi / Viyo / CoupleLens,2026-04-04,3519.46,6361.23,2.6012269031781226,2.601730061349693,0.6807730061350896,0.1461327022089354,0.14058277530995159,0.056178375685102144,0.05403434330040443,0.8489825143629989,0.8437141873505596,-1.0,0.11593627727622927,38.0,8.0,10,0.22013551539852136,4.0,8,0.15301722204074464,10.0,3230.3128736461636,24092.19,15250.169999999998,1.5797981268405534,24084.0,45249.0,1353.0,2445.0,2987.96,5367.0599999999995
Heyo vs Minimix / Vimi / Viyo / CoupleLens,Heyo,Minimix / Vimi / Viyo / CoupleLens,2026-04-05,5508.31,9016.4,2.845201446280992,2.883402622321714,73.95747681483766,0.14582278816116906,0.13972199408036448,0.0512521840419336,0.048457330585300086,0.6880803731089934,0.6660463156026796,-1.0,0.11593627727622927,38.0,8.0,10,0.22013551539852136,4.0,8,0.15301722204074464,10.0,3230.3128736461636,24092.19,15250.169999999998,1.5797981268405534,37774.0,64531.0,1936.0,3127.0,3790.16,6005.34
Heyo vs Minimix / Vimi / Viyo / CoupleLens,Heyo,Minimix / Vimi / Viyo / CoupleLens,2026-04-06,5005.39,8668.900000000001,2.9443470588235297,2.7793844180827194,-280.4364892593774,0.1367256685514491,0.1319527527893207,0.046436668578764786,0.04747553160722712,0.6320746235558068,0.7274602314019079,-1.0,0.11593627727622927,38.0,8.0,10,0.22013551539852136,4.0,8,0.15301722204074464,10.0,3230.3128736461636,24092.19,15250.169999999998,1.5797981268405534,36609.0,65697.0,1700.0,3119.0,3163.78,6306.28
Heyo vs Minimix / Vimi / Viyo / CoupleLens,Heyo,Minimix / Vimi / Viyo / CoupleLens,2026-04-07,4443.61,7724.41,3.2891265729089563,3.1451180781758956,-194.55547638436494,0.15524070709893795,0.14058696126965636,0.0471981553940749,0.04470005824111823,0.46734749449209095,0.5326283819735099,-1.0,0.11593627727622927,38.0,8.0,10,0.22013551539852136,4.0,8,0.15301722204074464,10.0,3230.3128736461636,24092.19,15250.169999999998,1.5797981268405534,28624.0,54944.0,1351.0,2456.0,2076.71,4114.24
Heyo vs Minimix / Vimi / Viyo / CoupleLens,Heyo,Minimix / Vimi / Viyo / CoupleLens,2026-04-08,3637.09,6325.36,3.3801951672862454,3.1438170974155066,-254.34280318091487,0.15382718660125191,0.1469032467834084,0.04550837421756048,0.04672766965488411,0.4315730432846039,0.5338858183565837,-1.0,0.11593627727622927,38.0,8.0,10,0.22013551539852136,4.0,8,0.15301722204074464,10.0,3230.3128736461636,24092.19,15250.169999999998,1.5797981268405534,23644.0,43058.0,1076.0,2012.0,1569.67,3377.02
Heyo vs Minimix / Vimi / Viyo / CoupleLens,Heyo,Minimix / Vimi / Viyo / CoupleLens,2026-04-09,3637.43,5607.69,3.3401561065197427,3.331960784313725,-8.924705882353162,0.1649553308239989,0.14822218697962095,0.04938551539612716,0.0444849734358893,0.44363465413767417,0.4459982630994224,-1.0,0.11593627727622927,38.0,8.0,10,0.22013551539852136,4.0,8,0.15301722204074464,10.0,3230.3128736461636,24092.19,15250.169999999998,1.5797981268405534,22051.0,37833.0,1089.0,1683.0,1613.69,2501.02
Heyo vs Minimix / Vimi / Viyo / CoupleLens,Heyo,Minimix / Vimi / Viyo / CoupleLens,2026-04-10,2475.93,4403.76,3.4483704735376044,3.0903578947368424,-257.0530315789471,0.17994985100661384,0.15821513257167494,0.05218402500181699,0.05119637852985557,0.3989167706679914,0.5561474739767835,-1.0,0.11593627727622927,38.0,8.0,10,0.22013551539852136,4.0,8,0.15301722204074464,10.0,3230.3128736461636,24092.19,15250.169999999998,1.5797981268405534,13759.0,27834.0,718.0,1425.0,987.6899999999999,2449.1400000000003
Heyo vs Minimix / Vimi / Viyo / CoupleLens,Heyo,Minimix / Vimi / Viyo / CoupleLens,2026-04-11,1607.75,3646.45,2.955422794117647,2.9312299035369773,-13.160932475884408,0.18060548191417658,0.16095563893180312,0.061109862952145586,0.05491061575811079,0.6260737054890374,0.6392738142577027,-1.0,0.11593627727622927,38.0,8.0,10,0.22013551539852136,4.0,8,0.15301722204074464,10.0,3230.3128736461636,24092.19,15250.169999999998,1.5797981268405534,8902.0,22655.0,544.0,1244.0,1006.5699999999999,2331.08
Heyo vs Minimix / Vimi / Viyo / CoupleLens,Heyo,Minimix / Vimi / Viyo / CoupleLens,2026-04-12,2465.58,5284.59,3.467763713080169,3.072436046511628,-281.0779709302325,0.19862885684363166,0.16998809830159547,0.05727865946991058,0.05532681420483788,0.38950672863991437,0.565082627034453,-1.0,0.11593627727622927,38.0,8.0,10,0.22013551539852136,4.0,8,0.15301722204074464,10.0,3230.3128736461636,24092.19,15250.169999999998,1.5797981268405534,12413.0,31088.0,711.0,1720.0,960.36,2986.23
Heyo vs Minimix / Vimi / Viyo / CoupleLens,Heyo,Minimix / Vimi / Viyo / CoupleLens,2026-04-13,1798.6799999999998,4779.92,3.5199217221135024,3.019532533164877,-255.69887555274758,0.17909787911978492,0.15947419344076336,0.050881210793587574,0.05281419944616822,0.3767040273978696,0.5920643023314197,-1.0,0.11593627727622927,38.0,8.0,10,0.22013551539852136,4.0,8,0.15301722204074464,10.0,3230.3128736461636,24092.19,15250.169999999998,1.5797981268405534,10043.0,29973.0,511.0,1583.0,677.57,2830.02
Heyo vs Minimix / Vimi / Viyo / CoupleLens,Heyo,Minimix / Vimi / Viyo / CoupleLens,2026-04-14,1181.77,4804.73,2.954425,3.128079427083333,69.46177083333325,0.13323224351747462,0.13705479647431326,0.04509582863585118,0.04381435947171749,0.6265940072941435,0.5458558545433355,-1.0,0.11593627727622927,38.0,8.0,10,0.22013551539852136,4.0,8,0.15301722204074464,10.0,3230.3128736461636,24092.19,15250.169999999998,1.5797981268405534,8870.0,35057.0,400.0,1536.0,740.49,2622.69
Heyo vs Minimix / Vimi / Viyo / CoupleLens,Heyo,Minimix / Vimi / Viyo / CoupleLens,2026-04-15,1375.71,4876.37,3.1698387096774194,3.1359292604501605,-14.71670096463037,0.13331815098362246,0.12598811523059036,0.04205833898633589,0.04017568789562072,0.5219559354805882,0.5489636758490434,-1.0,0.11593627727622927,38.0,8.0,10,0.22013551539852136,4.0,8,0.15301722204074464,10.0,3230.3128736461636,24092.19,15250.169999999998,1.5797981268405534,10319.0,38705.0,434.0,1555.0,718.06,2676.95
Heyo vs Minimix / Vimi / Viyo / CoupleLens,Heyo,Minimix / Vimi / Viyo / CoupleLens,2026-04-16,2453.78,5481.12,2.6905482456140355,3.2413483146067414,502.32966292134785,0.15409319266515953,0.12768467398141028,0.05727204220045215,0.0393924569618189,0.7851681894872401,0.49076283679248034,-1.0,0.11593627727622927,38.0,8.0,10,0.22013551539852136,4.0,8,0.15301722204074464,10.0,3230.3128736461636,24092.19,15250.169999999998,1.5797981268405534,15924.0,42927.0,912.0,1691.0,1926.63,2689.93
Heyo vs Minimix / Vimi / Viyo / CoupleLens,Heyo,Minimix / Vimi / Viyo / CoupleLens,2026-04-17,3085.24,4333.42,2.4197960784313723,2.9005488621151274,612.9597991967877,0.1479163869977946,0.1198865711282023,0.06112762489212772,0.04133237425994578,0.9804585704839818,0.6568230173858061,-1.0,0.11593627727622927,38.0,8.0,10,0.22013551539852136,4.0,8,0.15301722204074464,10.0,3230.3128736461636,24092.19,15250.169999999998,1.5797981268405534,20858.0,36146.0,1275.0,1494.0,3024.95,2846.29
Beatmo vs Minimix / Vimi / Viyo / CoupleLens,Beatmo,Minimix / Vimi / Viyo / CoupleLens,2026-03-31,1968.5700000000002,13606.6,3.1396650717703354,3.077023971053822,-39.27597014925398,0.20989124640153536,0.14584959053295032,0.06685147670327327,0.04739956266346525,0.532101982657462,0.5627820322490557,9.0,0.05914746343903132,9.0,0.0,,,0.0,,,0.0,,,,,9379.0,93292.0,627.0,4422.0,1047.48,7657.55
Beatmo vs Minimix / Vimi / Viyo / CoupleLens,Beatmo,Minimix / Vimi / Viyo / CoupleLens,2026-04-01,1717.83,14023.800000000001,3.491524390243902,3.3525699258905095,-68.36559646186919,0.2367787732598208,0.150830850640481,0.06781529979324603,0.04498962108908655,0.38022388711339306,0.4375604329782227,9.0,0.05914746343903132,9.0,0.0,,,0.0,,,0.0,,,,,7255.0,92977.0,492.0,4183.0,653.16,6136.26
Beatmo vs Minimix / Vimi / Viyo / CoupleLens,Beatmo,Minimix / Vimi / Viyo / CoupleLens,2026-04-02,911.8199999999999,8431.68,2.8583699059561125,2.7545508003920287,-33.11829467494273,0.21009677419354839,0.13595756002386442,0.07350230414746543,0.049357434251898674,0.6804303480950188,0.7470646419218946,9.0,0.05914746343903132,9.0,0.0,,,0.0,,,0.0,,,,,4340.0,62017.0,319.0,3061.0,620.43,6299.01
Beatmo vs Minimix / Vimi / Viyo / CoupleLens,Beatmo,Minimix / Vimi / Viyo / CoupleLens,2026-04-03,555.38,8812.48,3.120112359550562,2.8510126172759622,-47.899754124878754,0.2645926631729395,0.13467121047725292,0.08480228680323963,0.04723627305652765,0.5923511829738197,0.6853269454228549,9.0,0.05914746343903132,9.0,0.0,,,0.0,,,0.0,,,,,2099.0,65437.0,178.0,3091.0,328.98,6039.43
Beatmo vs Minimix / Vimi / Viyo / CoupleLens,Beatmo,Minimix / Vimi / Viyo / CoupleLens,2026-04-04,543.47,6361.23,3.3966875,2.601730061349693,-127.1931901840491,0.4306418383518225,0.14058277530995159,0.12678288431061807,0.05403434330040443,0.5201207058347287,0.8437141873505596,9.0,0.05914746343903132,9.0,0.0,,,0.0,,,0.0,,,,,1262.0,45249.0,160.0,2445.0,282.67,5367.0599999999995
Beatmo vs Minimix / Vimi / Viyo / CoupleLens,Beatmo,Minimix / Vimi / Viyo / CoupleLens,2026-04-05,468.67,9016.4,3.371726618705036,2.883402622321714,-67.87703549728175,0.28594874923733987,0.13972199408036448,0.0848078096400244,0.048457330585300086,0.4538587919004843,0.6660463156026796,9.0,0.05914746343903132,9.0,0.0,,,0.0,,,0.0,,,,,1639.0,64531.0,139.0,3127.0,212.70999999999998,6005.34
Beatmo vs Minimix / Vimi / Viyo / CoupleLens,Beatmo,Minimix / Vimi / Viyo / CoupleLens,2026-04-06,228.67000000000002,8668.900000000001,3.46469696969697,2.7793844180827194,-45.230628406540525,0.34232035928143717,0.1319527527893207,0.09880239520958084,0.04747553160722712,0.44597017536187517,0.7274602314019079,9.0,0.05914746343903132,9.0,0.0,,,0.0,,,0.0,,,,,668.0,65697.0,66.0,3119.0,101.98,6306.28
Beatmo vs Minimix / Vimi / Viyo / CoupleLens,Beatmo,Minimix / Vimi / Viyo / CoupleLens,2026-04-07,693.04,7724.41,3.253708920187793,3.1451180781758956,-23.12984934853417,0.2685160790391321,0.14058696126965636,0.08252615265401007,0.04470005824111823,0.5011831928892994,0.5326283819735099,9.0,0.05914746343903132,9.0,0.0,,,0.0,,,0.0,,,,,2581.0,54944.0,213.0,2456.0,347.34,4114.24
Beatmo vs Minimix / Vimi / Viyo / CoupleLens,Beatmo,Minimix / Vimi / Viyo / CoupleLens,2026-04-08,503.1600000000001,6325.36,2.858863636363637,3.1438170974155066,50.151809145129086,0.2804682274247492,0.1469032467834084,0.09810479375696766,0.04672766965488411,0.6840567612687812,0.5338858183565837,9.0,0.05914746343903132,9.0,0.0,,,0.0,,,0.0,,,,,1794.0,43058.0,176.0,2012.0,344.19,3377.02
Beatmo vs Minimix / Vimi / Viyo / CoupleLens,Beatmo,Minimix / Vimi / Viyo / CoupleLens,2026-04-09,455.31,5607.69,2.8817088607594936,3.331960784313725,71.13980392156857,0.2606239267315398,0.14822218697962095,0.090440755580996,0.0444849734358893,0.6669961125387098,0.4459982630994224,9.0,0.05914746343903132,9.0,0.0,,,0.0,,,0.0,,,,,1747.0,37833.0,158.0,1683.0,303.69,2501.02
Beatmo vs Minimix / Vimi / Viyo / CoupleLens,Beatmo,Minimix / Vimi / Viyo / CoupleLens,2026-04-10,396.64,4403.76,2.9822556390977444,3.0903578947368424,14.377600000000038,0.2318176504967855,0.15821513257167494,0.0777323202805377,0.05119637852985557,0.6116881807180315,0.5561474739767835,9.0,0.05914746343903132,9.0,0.0,,,0.0,,,0.0,,,,,1711.0,27834.0,133.0,1425.0,242.62,2449.1400000000003
Beatmo vs Minimix / Vimi / Viyo / CoupleLens,Beatmo,Minimix / Vimi / Viyo / CoupleLens,2026-04-11,284.95,3646.45,2.5441964285714285,2.9312299035369773,43.34774919614147,0.23110300081103,0.16095563893180312,0.0908353609083536,0.05491061575811079,0.8848218985786981,0.6392738142577027,9.0,0.05914746343903132,9.0,0.0,,,0.0,,,0.0,,,,,1233.0,22655.0,112.0,1244.0,252.13000000000002,2331.08
Beatmo vs Minimix / Vimi / Viyo / CoupleLens,Beatmo,Minimix / Vimi / Viyo / CoupleLens,2026-04-12,392.94,5284.59,3.2208196721311477,3.072436046511628,-18.1028023255814,0.22992393212404916,0.16998809830159547,0.07138677589233469,0.05532681420483788,0.4941212398839518,0.565082627034453,9.0,0.05914746343903132,9.0,0.0,,,0.0,,,0.0,,,,,1709.0,31088.0,122.0,1720.0,194.16000000000003,2986.23
Beatmo vs Minimix / Vimi / Viyo / CoupleLens,Beatmo,Minimix / Vimi / Viyo / CoupleLens,2026-04-13,344.96,4779.92,3.3819607843137254,3.019532533164877,-36.967681617182535,0.17564154786150712,0.15947419344076336,0.051934826883910386,0.05281419944616822,0.4241361317254175,0.5920643023314197,9.0,0.05914746343903132,9.0,0.0,,,0.0,,,0.0,,,,,1964.0,29973.0,102.0,1583.0,146.31,2830.02
Beatmo vs Minimix / Vimi / Viyo / CoupleLens,Beatmo,Minimix / Vimi / Viyo / CoupleLens,2026-04-14,703.11,4804.73,3.1249333333333333,3.128079427083333,0.7078710937499677,0.15628139586574794,0.13705479647431326,0.050011113580795734,0.04381435947171749,0.5460027591699734,0.5458558545433355,9.0,0.05914746343903132,9.0,0.0,,,0.0,,,0.0,,,,,4499.0,35057.0,225.0,1536.0,383.90000000000003,2622.69
Beatmo vs Minimix / Vimi / Viyo / CoupleLens,Beatmo,Minimix / Vimi / Viyo / CoupleLens,2026-04-15,1162.76,4876.37,3.4198823529411766,3.1359292604501605,-96.54405144694547,0.18453578797016346,0.12598811523059036,0.05395968893826377,0.04017568789562072,0.4126732945749768,0.5489636758490434,9.0,0.05914746343903132,9.0,0.0,,,0.0,,,0.0,,,,,6301.0,38705.0,340.0,1555.0,479.84000000000003,2676.95
Beatmo vs Minimix / Vimi / Viyo / CoupleLens,Beatmo,Minimix / Vimi / Viyo / CoupleLens,2026-04-16,1629.73,5481.12,3.272550200803213,3.2413483146067414,-15.538539325842844,0.20840537084398977,0.12768467398141028,0.06368286445012787,0.0393924569618189,0.4709000877445957,0.49076283679248034,9.0,0.05914746343903132,9.0,0.0,,,0.0,,,0.0,,,,,7820.0,42927.0,498.0,1691.0,767.4399999999999,2689.93
Beatmo vs Minimix / Vimi / Viyo / CoupleLens,Beatmo,Minimix / Vimi / Viyo / CoupleLens,2026-04-17,1317.44,4333.42,3.260990099009901,2.9005488621151274,-145.6182597054886,0.20034063260340634,0.1198865711282023,0.06143552311435523,0.04133237425994578,0.48840174884624726,0.6568230173858061,9.0,0.05914746343903132,9.0,0.0,,,0.0,,,0.0,,,,,6576.0,36146.0,404.0,1494.0,643.44,2846.29
